Outer Fold,Model,Best Inner CV AUC,Best Parameters
1,LR,0.9081639810806477,"{'clf__C': 0.1, 'select__k': 10}"
1,RF,0.9190168675845759,"{'clf__max_depth': None, 'clf__min_samples_leaf': 2, 'clf__n_estimators': 500, 'select__k': 'all'}"
1,XGB,0.9184315877024211,"{'clf__learning_rate': 0.03, 'clf__max_depth': 2, 'clf__n_estimators': 200, 'clf__subsample': 0.8, 'select__k': 8}"
1,KNN,0.9045010496833413,"{'clf__n_neighbors': 9, 'clf__weights': 'uniform', 'select__k': 10}"
2,LR,0.8952114147426647,"{'clf__C': 0.1, 'select__k': 'all'}"
2,RF,0.9042915514269682,"{'clf__max_depth': 5, 'clf__min_samples_leaf': 2, 'clf__n_estimators': 500, 'select__k': 8}"
2,XGB,0.9069224925344717,"{'clf__learning_rate': 0.03, 'clf__max_depth': 2, 'clf__n_estimators': 200, 'clf__subsample': 1.0, 'select__k': 10}"
2,KNN,0.9024550753066378,"{'clf__n_neighbors': 5, 'clf__weights': 'uniform', 'select__k': 8}"
3,LR,0.8981681898348565,"{'clf__C': 0.1, 'select__k': 10}"
3,RF,0.9057639890973225,"{'clf__max_depth': 5, 'clf__min_samples_leaf': 1, 'clf__n_estimators': 500, 'select__k': 'all'}"
3,XGB,0.9078082411415744,"{'clf__learning_rate': 0.03, 'clf__max_depth': 2, 'clf__n_estimators': 200, 'clf__subsample': 0.8, 'select__k': 'all'}"
3,KNN,0.9021364438031104,"{'clf__n_neighbors': 9, 'clf__weights': 'distance', 'select__k': 10}"
4,LR,0.9064883081810166,"{'clf__C': 0.1, 'select__k': 'all'}"
4,RF,0.9106660604056438,"{'clf__max_depth': 5, 'clf__min_samples_leaf': 2, 'clf__n_estimators': 500, 'select__k': 'all'}"
4,XGB,0.914219388828764,"{'clf__learning_rate': 0.03, 'clf__max_depth': 2, 'clf__n_estimators': 100, 'clf__subsample': 0.8, 'select__k': 10}"
4,KNN,0.9036871693121693,"{'clf__n_neighbors': 9, 'clf__weights': 'distance', 'select__k': 8}"
5,LR,0.8997041972302389,"{'clf__C': 0.1, 'select__k': 10}"
5,RF,0.90592306998557,"{'clf__max_depth': 5, 'clf__min_samples_leaf': 2, 'clf__n_estimators': 500, 'select__k': 'all'}"
5,XGB,0.9004736101090267,"{'clf__learning_rate': 0.03, 'clf__max_depth': 2, 'clf__n_estimators': 200, 'clf__subsample': 0.8, 'select__k': 10}"
5,KNN,0.8983397967772968,"{'clf__n_neighbors': 9, 'clf__weights': 'distance', 'select__k': 8}"
6,LR,0.9078426877906044,"{'clf__C': 0.1, 'select__k': 'all'}"
6,RF,0.9108743060565977,"{'clf__max_depth': 5, 'clf__min_samples_leaf': 2, 'clf__n_estimators': 500, 'select__k': 'all'}"
6,XGB,0.9110935120049704,"{'clf__learning_rate': 0.03, 'clf__max_depth': 3, 'clf__n_estimators': 100, 'clf__subsample': 0.8, 'select__k': 10}"
6,KNN,0.9047675414862916,"{'clf__n_neighbors': 9, 'clf__weights': 'distance', 'select__k': 10}"
7,LR,0.9173806517556518,"{'clf__C': 0.1, 'select__k': 10}"
7,RF,0.913933481641815,"{'clf__max_depth': 5, 'clf__min_samples_leaf': 2, 'clf__n_estimators': 500, 'select__k': 'all'}"
7,XGB,0.9142619774130191,"{'clf__learning_rate': 0.03, 'clf__max_depth': 2, 'clf__n_estimators': 200, 'clf__subsample': 0.8, 'select__k': 10}"
7,KNN,0.9155814406465448,"{'clf__n_neighbors': 9, 'clf__weights': 'distance', 'select__k': 10}"
8,LR,0.9139109347442681,"{'clf__C': 0.1, 'select__k': 10}"
8,RF,0.9392837101170435,"{'clf__max_depth': None, 'clf__min_samples_leaf': 1, 'clf__n_estimators': 500, 'select__k': 10}"
8,XGB,0.9317079525412859,"{'clf__learning_rate': 0.1, 'clf__max_depth': 2, 'clf__n_estimators': 100, 'clf__subsample': 0.8, 'select__k': 10}"
8,KNN,0.9288169392336059,"{'clf__n_neighbors': 9, 'clf__weights': 'distance', 'select__k': 10}"
9,LR,0.9066007295173961,"{'clf__C': 0.1, 'select__k': 10}"
9,RF,0.8967756057599807,"{'clf__max_depth': 5, 'clf__min_samples_leaf': 2, 'clf__n_estimators': 500, 'select__k': 'all'}"
9,XGB,0.8893348164181498,"{'clf__learning_rate': 0.03, 'clf__max_depth': 2, 'clf__n_estimators': 200, 'clf__subsample': 0.8, 'select__k': 10}"
9,KNN,0.902065045294212,"{'clf__n_neighbors': 9, 'clf__weights': 'distance', 'select__k': 10}"
10,LR,0.907457824775533,"{'clf__C': 0.1, 'select__k': 'all'}"
10,RF,0.9183222978795895,"{'clf__max_depth': 5, 'clf__min_samples_leaf': 1, 'clf__n_estimators': 200, 'select__k': 'all'}"
10,XGB,0.9056349707391375,"{'clf__learning_rate': 0.03, 'clf__max_depth': 2, 'clf__n_estimators': 100, 'clf__subsample': 0.8, 'select__k': 'all'}"
10,KNN,0.8885250070145905,"{'clf__n_neighbors': 7, 'clf__weights': 'distance', 'select__k': 8}"
11,LR,0.8877709385521886,"{'clf__C': 10.0, 'select__k': 10}"
11,RF,0.9030979750380792,"{'clf__max_depth': None, 'clf__min_samples_leaf': 1, 'clf__n_estimators': 200, 'select__k': 'all'}"
11,XGB,0.8994956384279302,"{'clf__learning_rate': 0.03, 'clf__max_depth': 2, 'clf__n_estimators': 200, 'clf__subsample': 0.8, 'select__k': 10}"
11,KNN,0.8889170725108226,"{'clf__n_neighbors': 9, 'clf__weights': 'distance', 'select__k': 10}"
12,LR,0.9082814128387046,"{'clf__C': 0.1, 'select__k': 'all'}"
12,RF,0.9101083378427128,"{'clf__max_depth': None, 'clf__min_samples_leaf': 2, 'clf__n_estimators': 200, 'select__k': 'all'}"
12,XGB,0.9034992784992784,"{'clf__learning_rate': 0.03, 'clf__max_depth': 2, 'clf__n_estimators': 200, 'clf__subsample': 0.8, 'select__k': 10}"
12,KNN,0.9159204269881354,"{'clf__n_neighbors': 9, 'clf__weights': 'distance', 'select__k': 10}"
13,LR,0.9069564694564696,"{'clf__C': 0.1, 'select__k': 'all'}"
13,RF,0.9211860670194004,"{'clf__max_depth': 5, 'clf__min_samples_leaf': 2, 'clf__n_estimators': 500, 'select__k': 'all'}"
13,XGB,0.9203743787077121,"{'clf__learning_rate': 0.03, 'clf__max_depth': 2, 'clf__n_estimators': 200, 'clf__subsample': 0.8, 'select__k': 10}"
13,KNN,0.8969857303190637,"{'clf__n_neighbors': 9, 'clf__weights': 'uniform', 'select__k': 10}"
14,LR,0.9089152311808563,"{'clf__C': 0.1, 'select__k': 8}"
14,RF,0.9124494573713323,"{'clf__max_depth': 5, 'clf__min_samples_leaf': 2, 'clf__n_estimators': 500, 'select__k': 8}"
14,XGB,0.9039154566498316,"{'clf__learning_rate': 0.03, 'clf__max_depth': 2, 'clf__n_estimators': 200, 'clf__subsample': 0.8, 'select__k': 8}"
14,KNN,0.9081464446047779,"{'clf__n_neighbors': 9, 'clf__weights': 'distance', 'select__k': 8}"
15,LR,0.9081026034151034,"{'clf__C': 0.1, 'select__k': 'all'}"
15,RF,0.9193353425124259,"{'clf__max_depth': None, 'clf__min_samples_leaf': 2, 'clf__n_estimators': 500, 'select__k': 10}"
15,XGB,0.9211600754569504,"{'clf__learning_rate': 0.03, 'clf__max_depth': 2, 'clf__n_estimators': 100, 'clf__subsample': 0.8, 'select__k': 10}"
15,KNN,0.9004891111010902,"{'clf__n_neighbors': 9, 'clf__weights': 'distance', 'select__k': 10}"
