Outer Fold,Model,Accuracy,Precision,Recall,F1,AUC
1,Clean LR,0.8032786885245902,0.92,0.696969696969697,0.7931034482758621,0.8831168831168831
1,Clean NB,0.7704918032786885,0.88,0.6666666666666666,0.7586206896551724,0.8517316017316017
1,Clean Stacking,0.7704918032786885,0.8518518518518519,0.696969696969697,0.7666666666666667,0.8809523809523809
1,Proposed Soft Voting,0.819672131147541,0.8666666666666667,0.7878787878787878,0.8253968253968254,0.9047619047619049
2,Clean LR,0.8360655737704918,0.7804878048780488,0.9696969696969697,0.8648648648648649,0.9339826839826839
2,Clean NB,0.8524590163934426,0.8,0.9696969696969697,0.8767123287671232,0.9426406926406927
2,Clean Stacking,0.8360655737704918,0.7948717948717948,0.9393939393939394,0.8611111111111112,0.9361471861471861
2,Proposed Soft Voting,0.819672131147541,0.75,1.0,0.8571428571428571,0.9177489177489178
3,Clean LR,0.8166666666666667,0.8387096774193549,0.8125,0.8253968253968254,0.8906249999999999
3,Clean NB,0.8,0.7941176470588235,0.84375,0.8181818181818182,0.8973214285714285
3,Clean Stacking,0.8333333333333334,0.84375,0.84375,0.84375,0.9017857142857143
3,Proposed Soft Voting,0.8333333333333334,0.8235294117647058,0.875,0.8484848484848485,0.90625
4,Clean LR,0.8833333333333333,0.8611111111111112,0.9393939393939394,0.8985507246376812,0.9079685746352413
4,Clean NB,0.85,0.8529411764705882,0.8787878787878788,0.8656716417910447,0.9023569023569022
4,Clean Stacking,0.9,0.8648648648648649,0.9696969696969697,0.9142857142857143,0.914702581369248
4,Proposed Soft Voting,0.8833333333333333,0.8611111111111112,0.9393939393939394,0.8985507246376812,0.9124579124579124
5,Clean LR,0.8166666666666667,0.7894736842105263,0.9090909090909091,0.8450704225352113,0.9068462401795736
5,Clean NB,0.7666666666666667,0.7714285714285715,0.8181818181818182,0.7941176470588235,0.8731762065095399
5,Clean Stacking,0.8333333333333334,0.8108108108108109,0.9090909090909091,0.8571428571428571,0.9034792368125701
5,Proposed Soft Voting,0.8,0.7837837837837838,0.8787878787878788,0.8285714285714286,0.9113355780022447
6,Clean LR,0.8360655737704918,0.8484848484848485,0.8484848484848485,0.8484848484848485,0.9220779220779222
6,Clean NB,0.8688524590163934,0.9310344827586207,0.8181818181818182,0.8709677419354839,0.9134199134199134
6,Clean Stacking,0.8688524590163934,0.9310344827586207,0.8181818181818182,0.8709677419354839,0.9437229437229437
6,Proposed Soft Voting,0.8524590163934426,0.8529411764705882,0.8787878787878788,0.8656716417910447,0.9556277056277056
7,Clean LR,0.8032786885245902,0.7560975609756098,0.9393939393939394,0.8378378378378378,0.8982683982683983
7,Clean NB,0.8360655737704918,0.8108108108108109,0.9090909090909091,0.8571428571428571,0.8744588744588745
7,Clean Stacking,0.8524590163934426,0.8157894736842105,0.9393939393939394,0.8732394366197183,0.920995670995671
7,Proposed Soft Voting,0.8524590163934426,0.8,0.9696969696969697,0.8767123287671232,0.9101731601731601
8,Clean LR,0.8,0.7631578947368421,0.90625,0.8285714285714286,0.9017857142857143
8,Clean NB,0.85,0.8108108108108109,0.9375,0.8695652173913043,0.9084821428571429
8,Clean Stacking,0.8166666666666667,0.7692307692307693,0.9375,0.8450704225352113,0.8783482142857143
8,Proposed Soft Voting,0.8166666666666667,0.7692307692307693,0.9375,0.8450704225352113,0.8895089285714286
9,Clean LR,0.8333333333333334,0.8484848484848485,0.8484848484848485,0.8484848484848485,0.9180695847362516
9,Clean NB,0.8333333333333334,0.8709677419354839,0.8181818181818182,0.84375,0.9113355780022447
9,Clean Stacking,0.8833333333333333,0.90625,0.8787878787878788,0.8923076923076924,0.9191919191919191
9,Proposed Soft Voting,0.8333333333333334,0.8484848484848485,0.8484848484848485,0.8484848484848485,0.9225589225589226
10,Clean LR,0.8,0.7837837837837838,0.8787878787878788,0.8285714285714286,0.8709315375982043
10,Clean NB,0.7666666666666667,0.7567567567567568,0.8484848484848485,0.8,0.8686868686868687
10,Clean Stacking,0.7833333333333333,0.75,0.9090909090909091,0.821917808219178,0.8574635241301909
10,Proposed Soft Voting,0.8,0.7692307692307693,0.9090909090909091,0.8333333333333334,0.8653198653198653
11,Clean LR,0.8524590163934426,0.8,0.9696969696969697,0.8767123287671232,0.949134199134199
11,Clean NB,0.8032786885245902,0.7837837837837838,0.8787878787878788,0.8285714285714286,0.9134199134199134
11,Clean Stacking,0.8524590163934426,0.8157894736842105,0.9393939393939394,0.8732394366197183,0.9339826839826839
11,Proposed Soft Voting,0.8360655737704918,0.7948717948717948,0.9393939393939394,0.8611111111111112,0.9448051948051948
12,Clean LR,0.8032786885245902,0.7837837837837838,0.8787878787878788,0.8285714285714286,0.8820346320346321
12,Clean NB,0.8524590163934426,0.8529411764705882,0.8787878787878788,0.8656716417910447,0.8885281385281386
12,Clean Stacking,0.8360655737704918,0.8285714285714286,0.8787878787878788,0.8529411764705882,0.8982683982683983
12,Proposed Soft Voting,0.7868852459016393,0.7777777777777778,0.8484848484848485,0.8115942028985508,0.8917748917748918
13,Clean LR,0.85,0.8484848484848485,0.875,0.8615384615384616,0.8962053571428572
13,Clean NB,0.8166666666666667,0.8181818181818182,0.84375,0.8307692307692308,0.9040178571428572
13,Clean Stacking,0.8166666666666667,0.8,0.875,0.835820895522388,0.8984375
13,Proposed Soft Voting,0.85,0.8285714285714286,0.90625,0.8656716417910447,0.9017857142857142
14,Clean LR,0.7833333333333333,0.7941176470588235,0.8181818181818182,0.8059701492537313,0.8686868686868687
14,Clean NB,0.7666666666666667,0.7878787878787878,0.7878787878787878,0.7878787878787878,0.8653198653198653
14,Clean Stacking,0.7833333333333333,0.8333333333333334,0.7575757575757576,0.7936507936507936,0.8518518518518517
14,Proposed Soft Voting,0.8,0.8181818181818182,0.8181818181818182,0.8181818181818182,0.88327721661055
15,Clean LR,0.7833333333333333,0.8125,0.7878787878787878,0.8,0.8843995510662178
15,Clean NB,0.7666666666666667,0.8275862068965517,0.7272727272727273,0.7741935483870968,0.9057239057239057
15,Clean Stacking,0.7666666666666667,0.8064516129032258,0.7575757575757576,0.78125,0.8821548821548822
15,Proposed Soft Voting,0.8166666666666667,0.8055555555555556,0.8787878787878788,0.8405797101449275,0.8843995510662177
